{
    "packages": [
        {
            "name": "aws/aws-crt-php",
            "version": "v1.0.2",
            "version_normalized": "1.0.2.0",
            "source": {
                "type": "git",
                "url": "https://github.com/awslabs/aws-crt-php.git",
                "reference": "3942776a8c99209908ee0b287746263725685732"
            },
            "dist": {
                "type": "zip",
                "url": "https://api.github.com/repos/awslabs/aws-crt-php/zipball/3942776a8c99209908ee0b287746263725685732",
                "reference": "3942776a8c99209908ee0b287746263725685732",
                "shasum": ""
            },
            "require": {
                "php": ">=5.5"
            },
            "require-dev": {
                "phpunit/phpunit": "^4.8.35|^5.4.3"
            },
            "time": "2021-09-03T22:57:30+00:00",
            "type": "library",
            "installation-source": "dist",
            "autoload": {
                "classmap": [
                    "src/"
                ]
            },
            "notification-url": "https://packagist.org/downloads/",
            "license": [
                "Apache-2.0"
            ],
            "authors": [
                {
                    "name": "AWS SDK Common Runtime Team",
                    "email": "aws-sdk-common-runtime@amazon.com"
                }
            ],
            "description": "AWS Common Runtime for PHP",
            "homepage": "http://aws.amazon.com/sdkforphp",
            "keywords": [
                "amazon",
                "aws",
                "crt",
                "sdk"
            ],
            "support": {
                "issues": "https://github.com/awslabs/aws-crt-php/issues",
                "source": "https://github.com/awslabs/aws-crt-php/tree/v1.0.2"
            },
            "install-path": "../aws/aws-crt-php"
        },
        {
            "name": "aws/aws-sdk-php",
            "version": "3.247.2",
            "version_normalized": "3.247.2.0",
            "source": {
                "type": "git",
                "url": "https://github.com/aws/aws-sdk-php.git",
                "reference": "00542e760d8464e0ee635f916841fdfbd1ceb95c"
            },
            "dist": {
                "type": "zip",
                "url": "https://api.github.com/repos/aws/aws-sdk-php/zipball/00542e760d8464e0ee635f916841fdfbd1ceb95c",
                "reference": "00542e760d8464e0ee635f916841fdfbd1ceb95c",
                "shasum": ""
            },
            "require": {
                "aws/aws-crt-php": "^1.0.2",
                "ext-json": "*",
                "ext-pcre": "*",
                "ext-simplexml": "*",
                "guzzlehttp/guzzle": "^6.5.8 || ^7.4.5",
                "guzzlehttp/promises": "^1.4.0",
                "guzzlehttp/psr7": "^1.8.5 || ^2.3",
                "mtdowling/jmespath.php": "^2.6",
                "php": ">=5.5"
            },
            "require-dev": {
                "andrewsville/php-token-reflection": "^1.4",
                "aws/aws-php-sns-message-validator": "~1.0",
                "behat/behat": "~3.0",
                "composer/composer": "^1.10.22",
                "dms/phpunit-arraysubset-asserts": "^0.4.0",
                "doctrine/cache": "~1.4",
                "ext-dom": "*",
                "ext-openssl": "*",
                "ext-pcntl": "*",
                "ext-sockets": "*",
                "nette/neon": "^2.3",
                "paragonie/random_compat": ">= 2",
                "phpunit/phpunit": "^4.8.35 || ^5.6.3 || ^9.5",
                "psr/cache": "^1.0",
                "psr/simple-cache": "^1.0",
                "sebastian/comparator": "^1.2.3 || ^4.0",
                "yoast/phpunit-polyfills": "^1.0"
            },
            "suggest": {
                "aws/aws-php-sns-message-validator": "To validate incoming SNS notifications",
                "doctrine/cache": "To use the DoctrineCacheAdapter",
                "ext-curl": "To send requests using cURL",
                "ext-openssl": "Allows working with CloudFront private distributions and verifying received SNS messages",
                "ext-sockets": "To use client-side monitoring"
            },
            "time": "2022-11-23T19:35:36+00:00",
            "type": "library",
            "extra": {
                "branch-alias": {
                    "dev-master": "3.0-dev"
                }
            },
            "installation-source": "dist",
            "autoload": {
                "files": [
                    "src/functions.php"
                ],
                "psr-4": {
                    "Aws\\": "src/"
                }
            },
            "notification-url": "https://packagist.org/downloads/",
            "license": [
                "Apache-2.0"
            ],
            "authors": [
                {
                    "name": "Amazon Web Services",
                    "homepage": "http://aws.amazon.com"
                }
            ],
            "description": "AWS SDK for PHP - Use Amazon Web Services in your PHP project",
            "homepage": "http://aws.amazon.com/sdkforphp",
            "keywords": [
                "amazon",
                "aws",
                "cloud",
                "dynamodb",
                "ec2",
                "glacier",
                "s3",
                "sdk"
            ],
            "support": {
                "forum": "https://forums.aws.amazon.com/forum.jspa?forumID=80",
                "issues": "https://github.com/aws/aws-sdk-php/issues",
                "source": "https://github.com/aws/aws-sdk-php/tree/3.247.2"
            },
            "install-path": "../aws/aws-sdk-php"
        },
        {
            "name": "guzzlehttp/guzzle",
            "version": "7.5.0",
            "version_normalized": "7.5.0.0",
            "source": {
                "type": "git",
                "url": "https://github.com/guzzle/guzzle.git",
                "reference": "b50a2a1251152e43f6a37f0fa053e730a67d25ba"
            },
            "dist": {
                "type": "zip",
                "url": "https://api.github.com/repos/guzzle/guzzle/zipball/b50a2a1251152e43f6a37f0fa053e730a67d25ba",
                "reference": "b50a2a1251152e43f6a37f0fa053e730a67d25ba",
                "shasum": ""
            },
            "require": {
                "ext-json": "*",
                "guzzlehttp/promises": "^1.5",
                "guzzlehttp/psr7": "^1.9 || ^2.4",
                "php": "^7.2.5 || ^8.0",
                "psr/http-client": "^1.0",
                "symfony/deprecation-contracts": "^2.2 || ^3.0"
            },
            "provide": {
                "psr/http-client-implementation": "1.0"
            },
            "require-dev": {
                "bamarni/composer-bin-plugin": "^1.8.1",
                "ext-curl": "*",
                "php-http/client-integration-tests": "^3.0",
                "phpunit/phpunit": "^8.5.29 || ^9.5.23",
                "psr/log": "^1.1 || ^2.0 || ^3.0"
            },
            "suggest": {
                "ext-curl": "Required for CURL handler support",
                "ext-intl": "Required for Internationalized Domain Name (IDN) support",
                "psr/log": "Required for using the Log middleware"
            },
            "time": "2022-08-28T15:39:27+00:00",
            "type": "library",
            "extra": {
                "bamarni-bin": {
                    "bin-links": true,
                    "forward-command": false
                },
                "branch-alias": {
                    "dev-master": "7.5-dev"
                }
            },
            "installation-source": "dist",
            "autoload": {
                "files": [
                    "src/functions_include.php"
                ],
                "psr-4": {
                    "GuzzleHttp\\": "src/"
                }
            },
            "notification-url": "https://packagist.org/downloads/",
            "license": [
                "MIT"
            ],
            "authors": [
                {
                    "name": "Graham Campbell",
                    "email": "hello@gjcampbell.co.uk",
                    "homepage": "https://github.com/GrahamCampbell"
                },
                {
                    "name": "Michael Dowling",
                    "email": "mtdowling@gmail.com",
                    "homepage": "https://github.com/mtdowling"
                },
                {
                    "name": "Jeremy Lindblom",
                    "email": "jeremeamia@gmail.com",
                    "homepage": "https://github.com/jeremeamia"
                },
                {
                    "name": "George Mponos",
                    "email": "gmponos@gmail.com",
                    "homepage": "https://github.com/gmponos"
                },
                {
                    "name": "Tobias Nyholm",
                    "email": "tobias.nyholm@gmail.com",
                    "homepage": "https://github.com/Nyholm"
                },
                {
                    "name": "Márk Sági-Kazár",
                    "email": "mark.sagikazar@gmail.com",
                    "homepage": "https://github.com/sagikazarmark"
                },
                {
                    "name": "Tobias Schultze",
                    "email": "webmaster@tubo-world.de",
                    "homepage": "https://github.com/Tobion"
                }
            ],
            "description": "Guzzle is a PHP HTTP client library",
            "keywords": [
                "client",
                "curl",
                "framework",
                "http",
                "http client",
                "psr-18",
                "psr-7",
                "rest",
                "web service"
            ],
            "support": {
                "issues": "https://github.com/guzzle/guzzle/issues",
                "source": "https://github.com/guzzle/guzzle/tree/7.5.0"
            },
            "funding": [
                {
                    "url": "https://github.com/GrahamCampbell",
                    "type": "github"
                },
                {
                    "url": "https://github.com/Nyholm",
                    "type": "github"
                },
                {
                    "url": "https://tidelift.com/funding/github/packagist/guzzlehttp/guzzle",
                    "type": "tidelift"
                }
            ],
            "install-path": "../guzzlehttp/guzzle"
        },
        {
            "name": "guzzlehttp/promises",
            "version": "1.5.2",
            "version_normalized": "1.5.2.0",
            "source": {
                "type": "git",
                "url": "https://github.com/guzzle/promises.git",
                "reference": "b94b2807d85443f9719887892882d0329d1e2598"
            },
            "dist": {
                "type": "zip",
                "url": "https://api.github.com/repos/guzzle/promises/zipball/b94b2807d85443f9719887892882d0329d1e2598",
                "reference": "b94b2807d85443f9719887892882d0329d1e2598",
                "shasum": ""
            },
            "require": {
                "php": ">=5.5"
            },
            "require-dev": {
                "symfony/phpunit-bridge": "^4.4 || ^5.1"
            },
            "time": "2022-08-28T14:55:35+00:00",
            "type": "library",
            "extra": {
                "branch-alias": {
                    "dev-master": "1.5-dev"
                }
            },
            "installation-source": "dist",
            "autoload": {
                "files": [
                    "src/functions_include.php"
                ],
                "psr-4": {
                    "GuzzleHttp\\Promise\\": "src/"
                }
            },
            "notification-url": "https://packagist.org/downloads/",
            "license": [
                "MIT"
            ],
            "authors": [
                {
                    "name": "Graham Campbell",
                    "email": "hello@gjcampbell.co.uk",
                    "homepage": "https://github.com/GrahamCampbell"
                },
                {
                    "name": "Michael Dowling",
                    "email": "mtdowling@gmail.com",
                    "homepage": "https://github.com/mtdowling"
                },
                {
                    "name": "Tobias Nyholm",
                    "email": "tobias.nyholm@gmail.com",
                    "homepage": "https://github.com/Nyholm"
                },
                {
                    "name": "Tobias Schultze",
                    "email": "webmaster@tubo-world.de",
                    "homepage": "https://github.com/Tobion"
                }
            ],
            "description": "Guzzle promises library",
            "keywords": [
                "promise"
            ],
            "support": {
                "issues": "https://github.com/guzzle/promises/issues",
                "source": "https://github.com/guzzle/promises/tree/1.5.2"
            },
            "funding": [
                {
                    "url": "https://github.com/GrahamCampbell",
                    "type": "github"
                },
                {
                    "url": "https://github.com/Nyholm",
                    "type": "github"
                },
                {
                    "url": "https://tidelift.com/funding/github/packagist/guzzlehttp/promises",
                    "type": "tidelift"
                }
            ],
            "install-path": "../guzzlehttp/promises"
        },
        {
            "name": "guzzlehttp/psr7",
            "version": "2.4.3",
            "version_normalized": "2.4.3.0",
            "source": {
                "type": "git",
                "url": "https://github.com/guzzle/psr7.git",
                "reference": "67c26b443f348a51926030c83481b85718457d3d"
            },
            "dist": {
                "type": "zip",
                "url": "https://api.github.com/repos/guzzle/psr7/zipball/67c26b443f348a51926030c83481b85718457d3d",
                "reference": "67c26b443f348a51926030c83481b85718457d3d",
                "shasum": ""
            },
            "require": {
                "php": "^7.2.5 || ^8.0",
                "psr/http-factory": "^1.0",
                "psr/http-message": "^1.0",
                "ralouphie/getallheaders": "^3.0"
            },
            "provide": {
                "psr/http-factory-implementation": "1.0",
                "psr/http-message-implementation": "1.0"
            },
            "require-dev": {
                "bamarni/composer-bin-plugin": "^1.8.1",
                "http-interop/http-factory-tests": "^0.9",
                "phpunit/phpunit": "^8.5.29 || ^9.5.23"
            },
            "suggest": {
                "laminas/laminas-httphandlerrunner": "Emit PSR-7 responses"
            },
            "time": "2022-10-26T14:07:24+00:00",
            "type": "library",
            "extra": {
                "bamarni-bin": {
                    "bin-links": true,
                    "forward-command": false
                },
                "branch-alias": {
                    "dev-master": "2.4-dev"
                }
            },
            "installation-source": "dist",
            "autoload": {
                "psr-4": {
                    "GuzzleHttp\\Psr7\\": "src/"
                }
            },
            "notification-url": "https://packagist.org/downloads/",
            "license": [
                "MIT"
            ],
            "authors": [
                {
                    "name": "Graham Campbell",
                    "email": "hello@gjcampbell.co.uk",
                    "homepage": "https://github.com/GrahamCampbell"
                },
                {
                    "name": "Michael Dowling",
                    "email": "mtdowling@gmail.com",
                    "homepage": "https://github.com/mtdowling"
                },
                {
                    "name": "George Mponos",
                    "email": "gmponos@gmail.com",
                    "homepage": "https://github.com/gmponos"
                },
                {
                    "name": "Tobias Nyholm",
                    "email": "tobias.nyholm@gmail.com",
                    "homepage": "https://github.com/Nyholm"
                },
                {
                    "name": "Márk Sági-Kazár",
                    "email": "mark.sagikazar@gmail.com",
                    "homepage": "https://github.com/sagikazarmark"
                },
                {
                    "name": "Tobias Schultze",
                    "email": "webmaster@tubo-world.de",
                    "homepage": "https://github.com/Tobion"
                },
                {
                    "name": "Márk Sági-Kazár",
                    "email": "mark.sagikazar@gmail.com",
                    "homepage": "https://sagikazarmark.hu"
                }
            ],
            "description": "PSR-7 message implementation that also provides common utility methods",
            "keywords": [
                "http",
                "message",
                "psr-7",
                "request",
                "response",
                "stream",
                "uri",
                "url"
            ],
            "support": {
                "issues": "https://github.com/guzzle/psr7/issues",
                "source": "https://github.com/guzzle/psr7/tree/2.4.3"
            },
            "funding": [
                {
                    "url": "https://github.com/GrahamCampbell",
                    "type": "github"
                },
                {
                    "url": "https://github.com/Nyholm",
                    "type": "github"
                },
                {
                    "url": "https://tidelift.com/funding/github/packagist/guzzlehttp/psr7",
                    "type": "tidelift"
                }
            ],
            "install-path": "../guzzlehttp/psr7"
        },
        {
            "name": "mtdowling/jmespath.php",
            "version": "2.6.1",
            "version_normalized": "2.6.1.0",
            "source": {
                "type": "git",
                "url": "https://github.com/jmespath/jmespath.php.git",
                "reference": "9b87907a81b87bc76d19a7fb2d61e61486ee9edb"
            },
            "dist": {
                "type": "zip",
                "url": "https://api.github.com/repos/jmespath/jmespath.php/zipball/9b87907a81b87bc76d19a7fb2d61e61486ee9edb",
                "reference": "9b87907a81b87bc76d19a7fb2d61e61486ee9edb",
                "shasum": ""
            },
            "require": {
                "php": "^5.4 || ^7.0 || ^8.0",
                "symfony/polyfill-mbstring": "^1.17"
            },
            "require-dev": {
                "composer/xdebug-handler": "^1.4 || ^2.0",
                "phpunit/phpunit": "^4.8.36 || ^7.5.15"
            },
            "time": "2021-06-14T00:11:39+00:00",
            "bin": [
                "bin/jp.php"
            ],
            "type": "library",
            "extra": {
                "branch-alias": {
                    "dev-master": "2.6-dev"
                }
            },
            "installation-source": "dist",
            "autoload": {
                "files": [
                    "src/JmesPath.php"
                ],
                "psr-4": {
                    "JmesPath\\": "src/"
                }
            },
            "notification-url": "https://packagist.org/downloads/",
            "license": [
                "MIT"
            ],
            "authors": [
                {
                    "name": "Michael Dowling",
                    "email": "mtdowling@gmail.com",
                    "homepage": "https://github.com/mtdowling"
                }
            ],
            "description": "Declaratively specify how to extract elements from a JSON document",
            "keywords": [
                "json",
                "jsonpath"
            ],
            "support": {
                "issues": "https://github.com/jmespath/jmespath.php/issues",
                "source": "https://github.com/jmespath/jmespath.php/tree/2.6.1"
            },
            "install-path": "../mtdowling/jmespath.php"
        },
        {
            "name": "psr/http-client",
            "version": "1.0.1",
            "version_normalized": "1.0.1.0",
            "source": {
                "type": "git",
                "url": "https://github.com/php-fig/http-client.git",
                "reference": "2dfb5f6c5eff0e91e20e913f8c5452ed95b86621"
            },
            "dist": {
                "type": "zip",
                "url": "https://api.github.com/repos/php-fig/http-client/zipball/2dfb5f6c5eff0e91e20e913f8c5452ed95b86621",
                "reference": "2dfb5f6c5eff0e91e20e913f8c5452ed95b86621",
                "shasum": ""
            },
            "require": {
                "php": "^7.0 || ^8.0",
                "psr/http-message": "^1.0"
            },
            "time": "2020-06-29T06:28:15+00:00",
            "type": "library",
            "extra": {
                "branch-alias": {
                    "dev-master": "1.0.x-dev"
                }
            },
            "installation-source": "dist",
            "autoload": {
                "psr-4": {
                    "Psr\\Http\\Client\\": "src/"
                }
            },
            "notification-url": "https://packagist.org/downloads/",
            "license": [
                "MIT"
            ],
            "authors": [
                {
                    "name": "PHP-FIG",
                    "homepage": "http://www.php-fig.org/"
                }
            ],
            "description": "Common interface for HTTP clients",
            "homepage": "https://github.com/php-fig/http-client",
            "keywords": [
                "http",
                "http-client",
                "psr",
                "psr-18"
            ],
            "support": {
                "source": "https://github.com/php-fig/http-client/tree/master"
            },
            "install-path": "../psr/http-client"
        },
        {
            "name": "psr/http-factory",
            "version": "1.0.1",
            "version_normalized": "1.0.1.0",
            "source": {
                "type": "git",
                "url": "https://github.com/php-fig/http-factory.git",
                "reference": "12ac7fcd07e5b077433f5f2bee95b3a771bf61be"
            },
            "dist": {
                "type": "zip",
                "url": "https://api.github.com/repos/php-fig/http-factory/zipball/12ac7fcd07e5b077433f5f2bee95b3a771bf61be",
                "reference": "12ac7fcd07e5b077433f5f2bee95b3a771bf61be",
                "shasum": ""
            },
            "require": {
                "php": ">=7.0.0",
                "psr/http-message": "^1.0"
            },
            "time": "2019-04-30T12:38:16+00:00",
            "type": "library",
            "extra": {
                "branch-alias": {
                    "dev-master": "1.0.x-dev"
                }
            },
            "installation-source": "dist",
            "autoload": {
                "psr-4": {
                    "Psr\\Http\\Message\\": "src/"
                }
            },
            "notification-url": "https://packagist.org/downloads/",
            "license": [
                "MIT"
            ],
            "authors": [
                {
                    "name": "PHP-FIG",
                    "homepage": "http://www.php-fig.org/"
                }
            ],
            "description": "Common interfaces for PSR-7 HTTP message factories",
            "keywords": [
                "factory",
                "http",
                "message",
                "psr",
                "psr-17",
                "psr-7",
                "request",
                "response"
            ],
            "support": {
                "source": "https://github.com/php-fig/http-factory/tree/master"
            },
            "install-path": "../psr/http-factory"
        },
        {
            "name": "psr/http-message",
            "version": "1.0.1",
            "version_normalized": "1.0.1.0",
            "source": {
                "type": "git",
                "url": "https://github.com/php-fig/http-message.git",
                "reference": "f6561bf28d520154e4b0ec72be95418abe6d9363"
            },
            "dist": {
                "type": "zip",
                "url": "https://api.github.com/repos/php-fig/http-message/zipball/f6561bf28d520154e4b0ec72be95418abe6d9363",
                "reference": "f6561bf28d520154e4b0ec72be95418abe6d9363",
                "shasum": ""
            },
            "require": {
                "php": ">=5.3.0"
            },
            "time": "2016-08-06T14:39:51+00:00",
            "type": "library",
            "extra": {
                "branch-alias": {
                    "dev-master": "1.0.x-dev"
                }
            },
            "installation-source": "dist",
            "autoload": {
                "psr-4": {
                    "Psr\\Http\\Message\\": "src/"
                }
            },
            "notification-url": "https://packagist.org/downloads/",
            "license": [
                "MIT"
            ],
            "authors": [
                {
                    "name": "PHP-FIG",
                    "homepage": "http://www.php-fig.org/"
                }
            ],
            "description": "Common interface for HTTP messages",
            "homepage": "https://github.com/php-fig/http-message",
            "keywords": [
                "http",
                "http-message",
                "psr",
                "psr-7",
                "request",
                "response"
            ],
            "support": {
                "source": "https://github.com/php-fig/http-message/tree/master"
            },
            "install-path": "../psr/http-message"
        },
        {
            "name": "ralouphie/getallheaders",
            "version": "3.0.3",
            "version_normalized": "3.0.3.0",
            "source": {
                "type": "git",
                "url": "https://github.com/ralouphie/getallheaders.git",
                "reference": "120b605dfeb996808c31b6477290a714d356e822"
            },
            "dist": {
                "type": "zip",
                "url": "https://api.github.com/repos/ralouphie/getallheaders/zipball/120b605dfeb996808c31b6477290a714d356e822",
                "reference": "120b605dfeb996808c31b6477290a714d356e822",
                "shasum": ""
            },
            "require": {
                "php": ">=5.6"
            },
            "require-dev": {
                "php-coveralls/php-coveralls": "^2.1",
                "phpunit/phpunit": "^5 || ^6.5"
            },
            "time": "2019-03-08T08:55:37+00:00",
            "type": "library",
            "installation-source": "dist",
            "autoload": {
                "files": [
                    "src/getallheaders.php"
                ]
            },
            "notification-url": "https://packagist.org/downloads/",
            "license": [
                "MIT"
            ],
            "authors": [
                {
                    "name": "Ralph Khattar",
                    "email": "ralph.khattar@gmail.com"
                }
            ],
            "description": "A polyfill for getallheaders.",
            "support": {
                "issues": "https://github.com/ralouphie/getallheaders/issues",
                "source": "https://github.com/ralouphie/getallheaders/tree/develop"
            },
            "install-path": "../ralouphie/getallheaders"
        },
        {
            "name": "symfony/deprecation-contracts",
            "version": "v3.1.1",
            "version_normalized": "3.1.1.0",
            "source": {
                "type": "git",
                "url": "https://github.com/symfony/deprecation-contracts.git",
                "reference": "07f1b9cc2ffee6aaafcf4b710fbc38ff736bd918"
            },
            "dist": {
                "type": "zip",
                "url": "https://api.github.com/repos/symfony/deprecation-contracts/zipball/07f1b9cc2ffee6aaafcf4b710fbc38ff736bd918",
                "reference": "07f1b9cc2ffee6aaafcf4b710fbc38ff736bd918",
                "shasum": ""
            },
            "require": {
                "php": ">=8.1"
            },
            "time": "2022-02-25T11:15:52+00:00",
            "type": "library",
            "extra": {
                "branch-alias": {
                    "dev-main": "3.1-dev"
                },
                "thanks": {
                    "name": "symfony/contracts",
                    "url": "https://github.com/symfony/contracts"
                }
            },
            "installation-source": "dist",
            "autoload": {
                "files": [
                    "function.php"
                ]
            },
            "notification-url": "https://packagist.org/downloads/",
            "license": [
                "MIT"
            ],
            "authors": [
                {
                    "name": "Nicolas Grekas",
                    "email": "p@tchwork.com"
                },
                {
                    "name": "Symfony Community",
                    "homepage": "https://symfony.com/contributors"
                }
            ],
            "description": "A generic function and convention to trigger deprecation notices",
            "homepage": "https://symfony.com",
            "support": {
                "source": "https://github.com/symfony/deprecation-contracts/tree/v3.1.1"
            },
            "funding": [
                {
                    "url": "https://symfony.com/sponsor",
                    "type": "custom"
                },
                {
                    "url": "https://github.com/fabpot",
                    "type": "github"
                },
                {
                    "url": "https://tidelift.com/funding/github/packagist/symfony/symfony",
                    "type": "tidelift"
                }
            ],
            "install-path": "../symfony/deprecation-contracts"
        },
        {
            "name": "symfony/polyfill-mbstring",
            "version": "v1.27.0",
            "version_normalized": "1.27.0.0",
            "source": {
                "type": "git",
                "url": "https://github.com/symfony/polyfill-mbstring.git",
                "reference": "8ad114f6b39e2c98a8b0e3bd907732c207c2b534"
            },
            "dist": {
                "type": "zip",
                "url": "https://api.github.com/repos/symfony/polyfill-mbstring/zipball/8ad114f6b39e2c98a8b0e3bd907732c207c2b534",
                "reference": "8ad114f6b39e2c98a8b0e3bd907732c207c2b534",
                "shasum": ""
            },
            "require": {
                "php": ">=7.1"
            },
            "provide": {
                "ext-mbstring": "*"
            },
            "suggest": {
                "ext-mbstring": "For best performance"
            },
            "time": "2022-11-03T14:55:06+00:00",
            "type": "library",
            "extra": {
                "branch-alias": {
                    "dev-main": "1.27-dev"
                },
                "thanks": {
                    "name": "symfony/polyfill",
                    "url": "https://github.com/symfony/polyfill"
                }
            },
            "installation-source": "dist",
            "autoload": {
                "files": [
                    "bootstrap.php"
                ],
                "psr-4": {
                    "Symfony\\Polyfill\\Mbstring\\": ""
                }
            },
            "notification-url": "https://packagist.org/downloads/",
            "license": [
                "MIT"
            ],
            "authors": [
                {
                    "name": "Nicolas Grekas",
                    "email": "p@tchwork.com"
                },
                {
                    "name": "Symfony Community",
                    "homepage": "https://symfony.com/contributors"
                }
            ],
            "description": "Symfony polyfill for the Mbstring extension",
            "homepage": "https://symfony.com",
            "keywords": [
                "compatibility",
                "mbstring",
                "polyfill",
                "portable",
                "shim"
            ],
            "support": {
                "source": "https://github.com/symfony/polyfill-mbstring/tree/v1.27.0"
            },
            "funding": [
                {
                    "url": "https://symfony.com/sponsor",
                    "type": "custom"
                },
                {
                    "url": "https://github.com/fabpot",
                    "type": "github"
                },
                {
                    "url": "https://tidelift.com/funding/github/packagist/symfony/symfony",
                    "type": "tidelift"
                }
            ],
            "install-path": "../symfony/polyfill-mbstring"
        }
    ],
    "dev": true,
    "dev-package-names": []
}
